{"client_meta":{"background_color":{"r":0.8980392217636108,"g":0.8980392217636108,"b":0.8980392217636108,"a":1},"thumbnail_size":{"width":400,"height":137},"render_coordinates":{"x":-658,"y":-270.1482238769531,"width":1316,"height":450.8666687011719}},"file_name":"LuminAI Wireframe Flow","developer_related_links":[]}