{"client_meta":{"background_color":{"r":0.8980392217636108,"g":0.8980392217636108,"b":0.8980392217636108,"a":1},"thumbnail_size":{"width":400,"height":43},"render_coordinates":{"x":-3154,"y":-371.9411315917969,"width":6308,"height":676}},"file_name":"RESONANCE_PLAT_DASH_FRAME","developer_related_links":[]}