{"client_meta":{"background_color":{"r":0.8980392217636108,"g":0.8980392217636108,"b":0.8980392217636108,"a":1},"thumbnail_size":{"width":400,"height":91},"render_coordinates":{"x":-1488,"y":-371.9411315917969,"width":2976,"height":676}},"file_name":"RESONANCE_SCR-05_POD_SKEL","developer_related_links":[]}