{"client_meta":{"background_color":{"r":0.8980392217636108,"g":0.8980392217636108,"b":0.8980392217636108,"a":1},"thumbnail_size":{"width":207,"height":400},"render_coordinates":{"x":-642,"y":-1242,"width":1284,"height":2484}},"file_name":"RESONANCE_SCR-01_CHAT_SKEL","developer_related_links":[]}