{"client_meta":{"background_color":{"r":0.8980392217636108,"g":0.8980392217636108,"b":0.8980392217636108,"a":1},"thumbnail_size":{"width":400,"height":86},"render_coordinates":{"x":-1648,"y":-387.9411315917969,"width":3296,"height":708}},"file_name":"RESONANCE_SCR-06_RMAP_SKEL","developer_related_links":[]}